sector_name,is_CHP,state,county,plant_name,plant_code,unit_id,generator_id,prime_mover,nameplate_capacity_mw_EIA,nameplate_capacity_mw_CAPD,nameplate_capacity_mw_NESHAP,capacity_factor_percent,has_SCR_EIA,has_SCR_NEEDS,has_SCR_CAPD,has_SCR_NESHAP,energy_source_1,energy_source_2,energy_source_3,energy_source_4,energy_source_5,energy_source_6,is_multifuel_EIA,is_multifuel_NESHAP,is_fuel_switching,is_cofire,operating_year_EIA,operating_year_CAPD,permit_construction_date,turbine_make,turbine_model,emission_unit_description,x_coordinate,y_coordinate
Electric Utility,FALSE,Alabama,Mobile,Barry,3,G523,"A3C1 (457), A3ST (305.1)",CT/CA,774,762.1,727,4.2,FALSE,TRUE,TRUE,TRUE,NG,NA,NA,NA,NA,NA,FALSE,FALSE,NA,NA,2023,2023,2023,Mitsubishi,M501JAC,Unit 8,-88.0103,31.0069
Electric Utility,FALSE,Alabama,Colbert,Colbert,47,GT10,CCT10 (210),GT,231.2,210,NA,0.7,NA,NA,FALSE,NA,NG,NA,NA,NA,NA,NA,FALSE,NA,NA,NA,2023,2023,NA,NA,NA,NA,-87.8486,34.7439
Electric Utility,FALSE,Alabama,Colbert,Colbert,47,GT11,CCT11 (210),GT,231.2,210,NA,0.8,NA,NA,FALSE,NA,NG,NA,NA,NA,NA,NA,FALSE,NA,NA,NA,2023,2023,NA,NA,NA,NA,-87.8486,34.7439
Electric Utility,FALSE,Alabama,Colbert,Colbert,47,GT9,CCT9 (210),GT,231.2,210,NA,0.8,NA,NA,FALSE,NA,NG,NA,NA,NA,NA,NA,FALSE,NA,NA,NA,2023,2023,NA,NA,NA,NA,-87.8486,34.7439
Electric Utility,FALSE,Alabama,Washington,Lowman Energy Center,56,LECC,"LEC1 (454.5), LEC2 (272.2)",CT/CA,732.7,726.7,NA,27.6,TRUE,FALSE,TRUE,NA,NG,NA,NA,NA,NA,NA,FALSE,NA,FALSE,FALSE,2023,2023,NA,NA,NA,NA,-87.910747,31.488019
Electric Utility,FALSE,Arizona,Maricopa,Ocotillo,116,GT3,GT3 (102),GT,104,102,NA,7.7,NA,TRUE,TRUE,NA,NG,NA,NA,NA,NA,NA,FALSE,NA,NA,NA,2019,2019,NA,NA,NA,NA,-111.9122,33.4225
Electric Utility,FALSE,Arizona,Maricopa,Ocotillo,116,GT4,GT4 (102),GT,104,102,NA,18,NA,TRUE,TRUE,NA,NG,NA,NA,NA,NA,NA,FALSE,NA,NA,NA,2019,2019,NA,NA,NA,NA,-111.9122,33.4225
Electric Utility,FALSE,Arizona,Maricopa,Ocotillo,116,GT5,GT5 (102),GT,104,102,NA,16.6,NA,TRUE,TRUE,NA,NG,NA,NA,NA,NA,NA,FALSE,NA,NA,NA,2019,2019,NA,NA,NA,NA,-111.9122,33.4225
Electric Utility,FALSE,Arizona,Maricopa,Ocotillo,116,GT6,GT6 (102),GT,104,102,NA,20.7,NA,TRUE,TRUE,NA,NG,NA,NA,NA,NA,NA,FALSE,NA,NA,NA,2019,2019,NA,NA,NA,NA,-111.9122,33.4225
Electric Utility,FALSE,Arizona,Maricopa,Ocotillo,116,GT7,GT7 (102),GT,104,102,NA,1.9,NA,TRUE,TRUE,NA,NG,NA,NA,NA,NA,NA,FALSE,NA,NA,NA,2019,2019,NA,NA,NA,NA,-111.9122,33.4225
Electric Utility,FALSE,Florida,Putnam,Seminole (FL),136,SCCF,"CT1 (384.2), ST (414.8)",CT/CA,591.6,591.6,NA,58.7,TRUE,FALSE,TRUE,NA,NG,NA,NA,NA,NA,NA,FALSE,NA,NA,FALSE,2023,2022,NA,NA,NA,NA,-81.632778,29.733056
Electric Utility,FALSE,Florida,Putnam,Seminole (FL),136,SCCF,"ST (414.8), CT2 (384.2)",CT/CA,591.6,591.6,NA,58.8,TRUE,FALSE,TRUE,NA,NG,NA,NA,NA,NA,NA,FALSE,NA,NA,FALSE,2023,2022,NA,NA,NA,NA,-81.632778,29.733056
Electric Utility,FALSE,Arizona,Maricopa,Agua Fria,141,AF7,AF7 (49.5),GT,49.5,49.5,NA,2,NA,FALSE,TRUE,NA,NG,NA,NA,NA,NA,NA,FALSE,NA,FALSE,FALSE,2022,2022,NA,NA,NA,NA,-112.2153,33.5561
Electric Utility,FALSE,Arizona,Maricopa,Agua Fria,141,AF8,AF8 (49.5),GT,49.5,49.5,NA,2.3,NA,FALSE,TRUE,NA,NG,NA,NA,NA,NA,NA,FALSE,NA,FALSE,FALSE,2022,2022,NA,NA,NA,NA,-112.2153,33.5561
Electric Utility,FALSE,Colorado,El Paso,South Plant,492,A1,A2 (40.63),GT,40.9,40.63,NA,9.8,NA,FALSE,FALSE,NA,NG,DFO,NA,NA,NA,NA,TRUE,NA,TRUE,FALSE,2023,2023,NA,NA,NA,NA,-104.833333,38.824444
Electric Utility,FALSE,Colorado,El Paso,South Plant,492,A2,A3 (40.63),GT,40.9,40.63,NA,7.8,NA,FALSE,FALSE,NA,NG,DFO,NA,NA,NA,NA,TRUE,NA,TRUE,FALSE,2023,2023,NA,NA,NA,NA,-104.833333,38.824444
Electric Utility,FALSE,Colorado,El Paso,South Plant,492,A3,A4 (40.63),GT,40.9,40.63,NA,9.6,NA,FALSE,FALSE,NA,NG,DFO,NA,NA,NA,NA,TRUE,NA,TRUE,FALSE,2023,2023,NA,NA,NA,NA,-104.833333,38.824444
Electric Utility,FALSE,Colorado,El Paso,South Plant,492,A4,A5 (40.63),GT,40.9,40.63,NA,8.9,NA,FALSE,FALSE,NA,NG,DFO,NA,NA,NA,NA,TRUE,NA,TRUE,FALSE,2023,2023,NA,NA,NA,NA,-104.833333,38.824444
Electric Utility,FALSE,Colorado,El Paso,South Plant,492,A5,A6 (40.63),GT,40.9,40.63,NA,8.4,NA,FALSE,FALSE,NA,NG,DFO,NA,NA,NA,NA,TRUE,NA,TRUE,FALSE,2023,2023,NA,NA,NA,NA,-104.833333,38.824444
Electric Utility,FALSE,Colorado,El Paso,South Plant,492,A6,A1 (40.63),GT,40.6,40.63,NA,8.8,NA,FALSE,FALSE,NA,NG,DFO,NA,NA,NA,NA,TRUE,NA,TRUE,FALSE,2023,2023,NA,NA,NA,NA,-104.833333,38.824444
IPP Non-CHP,FALSE,Connecticut,Fairfield,Bridgeport Station,568,CC1,"501 (375), 502 (200.6)",CT/CA,576.3,575.6,337.68,60.7,TRUE,TRUE,TRUE,TRUE,NG,DFO,NA,NA,NA,NA,TRUE,TRUE,TRUE,FALSE,2019,2019,2019,GE,7HA.02,GE 7HA.02 Combined cycle turbine and duct burner,-73.1844,41.1706
Electric Utility,FALSE,Florida,Escambia,Gulf Clean Energy Center,641,8A,8A (225),GT,243.1,225,243.1,4.2,NA,FALSE,FALSE,FALSE,NG,DFO,NA,NA,NA,NA,TRUE,FALSE,TRUE,FALSE,2021,2021,2022,GE,7F.05,Combustion Turbine Unit 8A,-87.2244,30.5661
Electric Utility,FALSE,Florida,Escambia,Gulf Clean Energy Center,641,8B,8B (225),GT,243.1,225,243.1,5.5,NA,FALSE,FALSE,FALSE,NG,DFO,NA,NA,NA,NA,TRUE,FALSE,TRUE,FALSE,2021,2021,2022,GE,7F.05,Combustion Turbine Unit 8B,-87.2244,30.5661
Electric Utility,FALSE,Florida,Escambia,Gulf Clean Energy Center,641,8C,8C (225),GT,243.1,225,243.1,4.8,NA,FALSE,FALSE,FALSE,NG,DFO,NA,NA,NA,NA,TRUE,FALSE,TRUE,FALSE,2021,2021,2022,GE,7F.05,Combustion Turbine Unit 8C,-87.2244,30.5661
Electric Utility,FALSE,Florida,Escambia,Gulf Clean Energy Center,641,8D,8D (225),GT,243.1,225,243.1,5,NA,FALSE,FALSE,FALSE,NG,DFO,NA,NA,NA,NA,TRUE,FALSE,TRUE,NA,2021,2021,2022,GE,7F.05,Combustion Turbine Unit 8D,-87.2244,30.5661
Electric Utility,FALSE,Florida,Hillsborough,Big Bend,645,CC1,"BBST1 (445.5), GT6 (392)",CT/CA,620.55,614.75,370,60.5,FALSE,TRUE,TRUE,TRUE,NG,NA,NA,NA,NA,NA,FALSE,FALSE,NA,FALSE,2021,2021,2019,NA,NA,CT 6,-82.4036,27.7944
Electric Utility,FALSE,Florida,Hillsborough,Big Bend,645,CC1,"GT5 (392), BBST1 (445.5)",CT/CA,620.55,614.75,370,58.4,FALSE,TRUE,TRUE,TRUE,NG,NA,NA,NA,NA,NA,FALSE,FALSE,NA,FALSE,2021,2021,2019,NA,NA,CT 5,-82.4036,27.7944
Electric Utility,FALSE,Florida,Polk,C D McIntosh Jr,676,GT2,GT2 (135),GT,130,135,NA,1.9,NA,FALSE,FALSE,NA,NG,DFO,NA,NA,NA,NA,TRUE,NA,TRUE,FALSE,2020,2020,NA,NA,NA,NA,-81.9229,28.0801
Electric Utility,FALSE,Georgia,Worth,Crisp Plant,753,GT2,GT2,GT,5,NA,NA,NA,NA,NA,NA,NA,NG,NA,NA,NA,NA,NA,FALSE,NA,FALSE,FALSE,2023,NA,NA,NA,NA,NA,-83.940734,31.844708
Electric Utility,FALSE,Kentucky,Muhlenberg,Paradise,1378,CT5,CT5,GT,231.2,NA,NA,NA,NA,NA,NA,NA,NG,NA,NA,NA,NA,NA,FALSE,NA,NA,NA,2023,NA,NA,NA,NA,NA,-86.9783,37.2608
Electric Utility,FALSE,Kentucky,Muhlenberg,Paradise,1378,CT6,CT6,GT,231.2,NA,NA,NA,NA,NA,NA,NA,NG,NA,NA,NA,NA,NA,FALSE,NA,NA,NA,2023,NA,NA,NA,NA,NA,-86.9783,37.2608
Electric Utility,FALSE,Kentucky,Muhlenberg,Paradise,1378,CT7,CT7,GT,231.2,NA,NA,NA,NA,NA,NA,NA,NG,NA,NA,NA,NA,NA,FALSE,NA,NA,NA,2023,NA,NA,NA,NA,NA,-86.9783,37.2608
IPP Non-CHP,FALSE,Massachusetts,Barnstable,Canal,1599,3,3 (330),GT,330,330,NA,0,NA,TRUE,TRUE,NA,DFO,NG,NA,NA,NA,NA,TRUE,NA,TRUE,FALSE,2019,2019,NA,NA,NA,NA,-70.5097,41.7694
Electric Utility,FALSE,Massachusetts,Nantucket,Nantucket Hybrid,1615,18,18,GT,15.4,NA,NA,NA,NA,FALSE,NA,NA,DFO,NA,NA,NA,NA,NA,FALSE,NA,FALSE,NA,2019,NA,NA,NA,NA,NA,-70.0517,41.2583
Electric Utility,FALSE,North Carolina,Buncombe,Asheville,2706,CC1,"CT5 (191.2), ST6 (102)",CT/CA,294,293.2,NA,72.1,TRUE,TRUE,TRUE,NA,NG,DFO,NA,NA,NA,NA,TRUE,NA,TRUE,FALSE,2019,2019,NA,NA,NA,NA,-82.5417,35.4731
Electric Utility,FALSE,North Carolina,Buncombe,Asheville,2706,CC2,"CT7 (191.2), ST8 (102)",CT/CA,294,293.2,NA,58.6,TRUE,TRUE,TRUE,NA,NG,DFO,NA,NA,NA,NA,TRUE,NA,TRUE,FALSE,2020,2019,NA,NA,NA,NA,-82.5417,35.4731
Electric Utility,FALSE,Texas,El Paso,Newman,3456,6,6,GT,227.8,NA,NA,NA,NA,NA,NA,NA,NG,DFO,NA,NA,NA,NA,TRUE,NA,FALSE,FALSE,2023,NA,NA,NA,NA,NA,-106.431777,31.983587
Electric Utility,FALSE,Mississippi,Lamar,R D Morrow,6061,CC1,"CTG (402), STG (155)",CT/CA,558,557,NA,51.8,FALSE,NA,TRUE,NA,NG,NA,NA,NA,NA,NA,FALSE,NA,FALSE,FALSE,2023,2022,NA,NA,NA,NA,-89.394,31.2186
NA,NA,North Carolina,Lincoln,Lincoln Combustion Turbine,7277,17,17 (571),combustion turbine,NA,571,NA,0.5,NA,NA,TRUE,NA,NA,NA,NA,NA,NA,NA,NA,NA,NA,NA,NA,2020,NA,NA,NA,NA,-81.0347,35.4317
Industrial CHP,TRUE,Texas,Brazoria,Power Island,10154,GEN2,GEN2,GT,50,NA,NA,NA,NA,FALSE,NA,NA,NG,NA,NA,NA,NA,NA,FALSE,NA,FALSE,FALSE,2020,NA,NA,NA,NA,NA,-95.1952,29.2293
Industrial CHP,TRUE,Texas,Brazoria,Power Island,10154,GEN3,GEN3,GT,50,NA,NA,NA,NA,FALSE,NA,NA,NG,NA,NA,NA,NA,NA,FALSE,NA,FALSE,FALSE,2020,NA,NA,NA,NA,NA,-95.1952,29.2293
IPP Non-CHP,FALSE,California,Sutter,Greenleaf 1,10350,CTGA,CTGA (34.9),GT,34.9,34.9,NA,0.4,NA,TRUE,TRUE,NA,NG,NA,NA,NA,NA,NA,FALSE,NA,NA,NA,2022,2021,NA,NA,NA,NA,-121.696072,39.052922
IPP Non-CHP,FALSE,California,Sutter,Greenleaf 1,10350,CTGB,CTGB (34.9),GT,34.9,34.9,NA,0.4,NA,TRUE,TRUE,NA,NG,NA,NA,NA,NA,NA,FALSE,NA,NA,NA,2022,2021,NA,NA,NA,NA,-121.696072,39.052922
Industrial Non-CHP,FALSE,California,San Bernardino,New-Indy Ontario Mill,10427,GEN2,GEN2,GT,16.5,NA,NA,NA,NA,FALSE,NA,NA,NG,NA,NA,NA,NA,NA,FALSE,NA,FALSE,FALSE,2019,NA,NA,NA,NA,NA,-117.540193,34.045361
Industrial Non-CHP,FALSE,California,San Bernardino,New-Indy Ontario Mill,10427,GEN3,GEN3,GT,16.5,NA,NA,NA,NA,FALSE,NA,NA,NG,NA,NA,NA,NA,NA,FALSE,NA,FALSE,FALSE,2019,NA,NA,NA,NA,NA,-117.540193,34.045361
Industrial CHP,TRUE,Texas,Calhoun,Formosa Utility Venture Ltd,10554,CHP2,3TBG1,CT/CA,122,NA,NA,NA,TRUE,NA,NA,NA,NG,NA,NA,NA,NA,NA,FALSE,NA,FALSE,FALSE,2023,NA,NA,NA,NA,NA,-96.5417,28.6917
Industrial CHP,TRUE,Texas,Calhoun,Formosa Utility Venture Ltd,10554,CHP2,3TBG2,CT/CA,122,NA,NA,NA,TRUE,NA,NA,NA,NG,NA,NA,NA,NA,NA,FALSE,NA,FALSE,FALSE,2023,NA,NA,NA,NA,NA,-96.5417,28.6917
Commercial CHP,TRUE,Indiana,St Joseph,University of Notre Dame,50366,GT1,GT1,GT,5.4,NA,NA,NA,NA,FALSE,NA,NA,NG,NA,NA,NA,NA,NA,FALSE,NA,FALSE,FALSE,2019,NA,NA,NA,NA,NA,-86.2367,41.7094
Commercial CHP,TRUE,Indiana,St Joseph,University of Notre Dame,50366,GT2,GT2,GT,5.4,NA,NA,NA,NA,FALSE,NA,NA,NG,NA,NA,NA,NA,NA,FALSE,NA,NA,FALSE,2019,NA,NA,NA,NA,NA,-86.2367,41.7094
Industrial CHP,TRUE,Pennsylvania,Delaware,Chester Operations,50410,6000,6,CT/CA,34.6,NA,NA,NA,TRUE,FALSE,NA,NA,NG,NA,NA,NA,NA,NA,FALSE,NA,FALSE,FALSE,2020,NA,NA,NA,NA,NA,-75.358801,39.843743
Industrial CHP,TRUE,Pennsylvania,Delaware,Chester Operations,50410,7000,7,CT/CA,34.6,NA,NA,NA,TRUE,FALSE,NA,NA,NG,NA,NA,NA,NA,NA,FALSE,NA,NA,FALSE,2020,NA,NA,NA,NA,NA,-75.358801,39.843743
Commercial CHP,TRUE,Michigan,Washtenaw,University of Michigan,50431,CC1,CT6,CT/CA,41.38,NA,15.8,NA,FALSE,FALSE,NA,TRUE,NG,DFO,NA,NA,NA,NA,TRUE,TRUE,TRUE,FALSE,2022,NA,2022,Solar,Titan 130E,Combustion Turbine Generator,-83.734617,42.281167
Industrial CHP,FALSE,Louisiana,DeSoto,Mansfield Mill,54091,GEN5,GEN5,GT,62,NA,NA,NA,NA,NA,NA,NA,NG,NA,NA,NA,NA,NA,FALSE,NA,NA,NA,2019,NA,NA,NA,NA,NA,-93.5562,32.1575
Commercial CHP,TRUE,Massachusetts,Middlesex,Mass Inst Tech Cntrl Utilities/Cogen Plt,54907,GT200,GT200,GT,21.7,NA,NA,NA,NA,NA,NA,NA,NG,DFO,NA,NA,NA,NA,TRUE,NA,TRUE,FALSE,2021,NA,NA,NA,NA,NA,-71.093876,42.360986
Commercial CHP,TRUE,Massachusetts,Middlesex,Mass Inst Tech Cntrl Utilities/Cogen Plt,54907,GT300,GT300,GT,21.7,NA,NA,NA,NA,NA,NA,NA,NG,DFO,NA,NA,NA,NA,TRUE,NA,TRUE,FALSE,2021,NA,NA,NA,NA,NA,-71.093876,42.360986
Electric Utility,FALSE,Arizona,Pinal,Desert Basin,55129,CTG4,DBSGT4 (49.5),GT,49.5,49.5,NA,2.3,NA,FALSE,TRUE,NA,NG,NA,NA,NA,NA,NA,FALSE,NA,FALSE,NA,2022,2022,NA,NA,NA,NA,-111.7889,32.9042
Electric Utility,FALSE,Arizona,Pinal,Desert Basin,55129,CTG5,DBSGT5 (49.5),GT,49.5,49.5,NA,2.5,NA,FALSE,TRUE,NA,NG,NA,NA,NA,NA,NA,FALSE,NA,FALSE,NA,2022,2022,NA,NA,NA,NA,-111.7889,32.9042
Electric Utility,FALSE,Mississippi,Hinds,Hinds Energy Facility,55218,H04BS,H04BS (49.1),GT,49.1,49.1,NA,1.5,NA,FALSE,FALSE,NA,NG,NA,NA,NA,NA,NA,FALSE,NA,NA,NA,2020,2019,NA,NA,NA,NA,-90.219906,32.378969
IPP Non-CHP,FALSE,Michigan,Cass,Indeck Niles Energy Center,55460,INEC,"CT1 (370.6), ST1 (368.1)",CT/CA,587.2,554.65,NA,74.2,TRUE,TRUE,TRUE,NA,NG,NA,NA,NA,NA,NA,FALSE,NA,FALSE,FALSE,2022,2022,NA,NA,NA,NA,-86.221394,41.862114
IPP Non-CHP,FALSE,Michigan,Cass,Indeck Niles Energy Center,55460,INEC,"CT2 (370.6), ST1 (368.1)",CT/CA,587.2,554.65,NA,75,TRUE,TRUE,TRUE,NA,NG,NA,NA,NA,NA,NA,FALSE,NA,FALSE,FALSE,2022,2021,NA,NA,NA,NA,-86.221394,41.862114
Electric Utility,FALSE,Louisiana,Washington,Washington Parish Energy Center,55486,CTG01,CTG1 (207),GT,199.8,207,NA,8,NA,FALSE,FALSE,NA,NG,NA,NA,NA,NA,NA,FALSE,NA,NA,NA,2020,2020,NA,NA,NA,NA,-89.909166,30.791389
Electric Utility,FALSE,Louisiana,Washington,Washington Parish Energy Center,55486,CTG02,CTG2 (207),GT,199.8,207,NA,8.3,NA,FALSE,FALSE,NA,NG,NA,NA,NA,NA,NA,FALSE,NA,NA,NA,2020,2020,NA,NA,NA,NA,-89.909166,30.791389
IPP Non-CHP,FALSE,Pennsylvania,York,York Energy Center,55524,CCB2,CTG5,CT/CA,444.7,NA,NA,NA,TRUE,TRUE,NA,NA,NG,DFO,NA,NA,NA,NA,TRUE,NA,TRUE,FALSE,2019,NA,NA,NA,NA,NA,-76.306666,39.7375
IPP Non-CHP,FALSE,Pennsylvania,York,York Energy Center,55524,CCB2,CTG6,CT/CA,444.7,NA,NA,NA,TRUE,TRUE,NA,NA,NG,DFO,NA,NA,NA,NA,TRUE,NA,TRUE,FALSE,2019,NA,NA,NA,NA,NA,-76.306666,39.7375
IPP Non-CHP,FALSE,Minnesota,Blue Earth,Mankato Energy Center,56104,MKST,"STG1 (320), CTG1 (210)",CT/CA,368.7,370,NA,41.6,TRUE,TRUE,TRUE,NA,NG,NA,NA,NA,NA,NA,FALSE,NA,FALSE,FALSE,2019,2019,NA,NA,NA,NA,-94.003,44.1988
Electric Utility,FALSE,California,Placer,Roseville Energy Park,56298,4,0004 (30),GT,30,30,NA,0.5,NA,FALSE,TRUE,NA,NG,NA,NA,NA,NA,NA,FALSE,NA,FALSE,FALSE,2022,2022,NA,NA,NA,NA,-121.3811,38.7928
Electric Utility,FALSE,California,Placer,Roseville Energy Park,56298,5,0005 (30),GT,30,30,NA,0.4,NA,FALSE,TRUE,NA,NG,NA,NA,NA,NA,NA,FALSE,NA,FALSE,FALSE,2022,2022,NA,NA,NA,NA,-121.3811,38.7928
IPP Non-CHP,FALSE,Texas,Wharton,Colorado Bend Energy Center,56350,CT4A,CT-4A (46),GT,37,46,NA,0.6,NA,FALSE,TRUE,NA,NG,NA,NA,NA,NA,NA,FALSE,NA,NA,NA,2023,2022,NA,NA,NA,NA,-96.0683,29.2878
IPP Non-CHP,FALSE,Texas,Wharton,Colorado Bend Energy Center,56350,CT4B,CT-4B (46),GT,37,46,NA,0.7,NA,FALSE,TRUE,NA,NG,NA,NA,NA,NA,NA,FALSE,NA,NA,NA,2023,2023,NA,NA,NA,NA,-96.0683,29.2878
IPP Non-CHP,FALSE,New York,Dutchess,Cricket Valley Energy,57185,CCG1,"CT1 (236.3), ST1 (174.3)",CT/CA,437.5,410.6,NA,51.5,TRUE,TRUE,TRUE,NA,NG,NA,NA,NA,NA,NA,FALSE,NA,FALSE,FALSE,2020,2019,NA,NA,NA,NA,-73.581111,41.676111
IPP Non-CHP,FALSE,New York,Dutchess,Cricket Valley Energy,57185,CCG2,"CT2 (236.3), ST2 (174.3)",CT/CA,437.5,410.6,NA,46.5,TRUE,TRUE,TRUE,NA,NG,NA,NA,NA,NA,NA,FALSE,NA,FALSE,FALSE,2020,2019,NA,NA,NA,NA,-73.581111,41.676111
IPP Non-CHP,FALSE,New York,Dutchess,Cricket Valley Energy,57185,CCG3,"ST3 (174.3), CT3 (236.3)",CT/CA,437.5,410.6,NA,50.8,TRUE,TRUE,TRUE,NA,NG,NA,NA,NA,NA,NA,FALSE,NA,FALSE,FALSE,2020,2020,NA,NA,NA,NA,-73.581111,41.676111
Electric Utility,FALSE,North Dakota,McKenzie,Lonesome Creek Station,57943,6,06 (45.2),GT,60.5,45.2,NA,34.9,NA,TRUE,TRUE,NA,NG,NA,NA,NA,NA,NA,FALSE,NA,NA,NA,2021,2021,NA,NA,NA,NA,-103.57861,47.796667
Commercial CHP,TRUE,California,San Bernardino,Energy Center,58168,TURB1,TURB1,GT,0.3,NA,NA,NA,NA,NA,NA,NA,NG,NA,NA,NA,NA,NA,FALSE,NA,FALSE,NA,2019,NA,NA,NA,NA,NA,-117.163889,34.063056
Commercial CHP,TRUE,California,San Bernardino,Energy Center,58168,TURB2,TURB2,GT,0.3,NA,NA,NA,NA,NA,NA,NA,NG,NA,NA,NA,NA,NA,FALSE,NA,FALSE,NA,2019,NA,NA,NA,NA,NA,-117.163889,34.063056
Commercial CHP,TRUE,California,San Bernardino,Energy Center,58168,TURB3,TURB3,GT,0.3,NA,NA,NA,NA,NA,NA,NA,NG,NA,NA,NA,NA,NA,FALSE,NA,FALSE,NA,2019,NA,NA,NA,NA,NA,-117.163889,34.063056
Commercial CHP,TRUE,Pennsylvania,Centre,West Campus Steam Plant,58194,CT2,CT2,GT,6.1,NA,NA,NA,NA,NA,NA,NA,NG,DFO,NA,NA,NA,NA,TRUE,NA,TRUE,FALSE,2021,NA,NA,NA,NA,NA,-77.864722,40.792778
Commercial CHP,TRUE,Arizona,Maricopa,Arizona State University CHP,58199,G2,G2,GT,7.9,NA,NA,NA,NA,NA,NA,NA,NG,NA,NA,NA,NA,NA,FALSE,NA,FALSE,FALSE,2019,NA,NA,NA,NA,NA,-111.928333,33.417222
Industrial CHP,TRUE,Pennsylvania,Beaver,Shell Chemical Appalachia LLC,58933,COGN,"GTG1 (41), STG2 (75), STG1 (75)",CT/CA,102.72,91,NA,77.6,TRUE,TRUE,TRUE,NA,NG,NA,NA,NA,NA,NA,FALSE,NA,FALSE,FALSE,2021,2021,NA,NA,NA,NA,-80.336389,40.671667
Industrial CHP,TRUE,Pennsylvania,Beaver,Shell Chemical Appalachia LLC,58933,COGN,"STG1 (75), GTG3 (41), STG2 (75)",CT/CA,102.72,91,NA,75.9,TRUE,TRUE,TRUE,NA,NG,NA,NA,NA,NA,NA,FALSE,NA,FALSE,FALSE,2021,2021,NA,NA,NA,NA,-80.336389,40.671667
Industrial CHP,TRUE,Pennsylvania,Beaver,Shell Chemical Appalachia LLC,58933,COGN,"STG2 (75), GTG2 (41), STG1 (75)",CT/CA,102.72,91,NA,75.7,TRUE,TRUE,TRUE,NA,NG,NA,NA,NA,NA,NA,FALSE,NA,FALSE,FALSE,2021,2021,NA,NA,NA,NA,-80.336389,40.671667
IPP CHP,TRUE,New Jersey,Mercer,Bristol Myers Squibb Lawrenceville,58947,TG102,TG102,GT,5.6,NA,NA,NA,NA,FALSE,NA,NA,NG,DFO,NA,NA,NA,NA,TRUE,NA,TRUE,NA,2021,NA,NA,NA,NA,NA,-74.707778,40.324722
Industrial CHP,TRUE,Texas,Brazoria,Freeport LP Pretreatment Facility,59145,65GTG,65GTG,GT,87,NA,NA,NA,NA,FALSE,NA,NA,NG,NA,NA,NA,NA,NA,FALSE,NA,NA,NA,2019,NA,NA,NA,NA,NA,-95.306944,28.979167
Commercial CHP,TRUE,New York,Albany,Albany Medical Ctr Cogen Plant,59453,GTG1A,GTG1A,GT,4.3,NA,NA,NA,NA,NA,NA,NA,NG,NA,NA,NA,NA,NA,FALSE,NA,NA,NA,2020,NA,NA,NA,NA,NA,-73.7777,42.655
IPP Non-CHP,FALSE,Massachusetts,Norfolk,Exelon West Medway II LLC,59882,4,4 (100),GT,131.8,100,NA,8.7,NA,TRUE,TRUE,NA,NG,KER,NA,NA,NA,NA,TRUE,NA,TRUE,FALSE,2019,2019,NA,NA,NA,NA,-71.4447,42.137218
IPP Non-CHP,FALSE,Massachusetts,Norfolk,Exelon West Medway II LLC,59882,5,5 (100),GT,131.8,100,NA,10,NA,TRUE,TRUE,NA,NG,KER,NA,NA,NA,NA,TRUE,NA,TRUE,FALSE,2019,2019,NA,NA,NA,NA,-71.4447,42.137218
Electric Utility,FALSE,Florida,Okeechobee,Okeechobee Clean Energy Center,60345,CC1,1A,CT/CA,572.39,NA,NA,NA,FALSE,TRUE,NA,NA,NG,DFO,NA,NA,NA,NA,TRUE,NA,TRUE,FALSE,2019,NA,NA,NA,NA,NA,-80.791111,27.634167
Electric Utility,FALSE,Florida,Okeechobee,Okeechobee Clean Energy Center,60345,CC1,1B,CT/CA,572.39,NA,NA,NA,FALSE,TRUE,NA,NA,NG,DFO,NA,NA,NA,NA,TRUE,NA,TRUE,FALSE,2019,NA,NA,NA,NA,NA,-80.791111,27.634167
Electric Utility,FALSE,Florida,Okeechobee,Okeechobee Clean Energy Center,60345,CC1,1C,CT/CA,572.39,NA,NA,NA,FALSE,TRUE,NA,NA,NG,DFO,NA,NA,NA,NA,TRUE,NA,TRUE,FALSE,2019,NA,NA,NA,NA,NA,-80.791111,27.634167
IPP Non-CHP,FALSE,Ohio,Columbiana,South Field Energy,60356,UNT1,"STG1 (260), CTG1 (345)",CT/CA,605.2,605,NA,76.4,TRUE,TRUE,TRUE,NA,NG,NA,NA,NA,NA,NA,FALSE,NA,FALSE,NA,2021,2021,NA,NA,NA,NA,-80.678245,40.63534
IPP Non-CHP,FALSE,Ohio,Columbiana,South Field Energy,60356,UNT2,"CTG2 (345), STG2 (260)",CT/CA,605.2,605,NA,71.4,TRUE,TRUE,TRUE,NA,NG,NA,NA,NA,NA,NA,FALSE,NA,FALSE,NA,2021,2021,NA,NA,NA,NA,-80.678245,40.63534
IPP Non-CHP,FALSE,Illinois,Lee,Invenergy Nelson Expansion LLC,60387,GEN3,GEN3 (190),GT,190,190,NA,7.8,NA,FALSE,FALSE,NA,NG,NA,NA,NA,NA,NA,FALSE,NA,NA,NA,2023,2023,NA,NA,NA,NA,-89.606528,41.774417
IPP Non-CHP,FALSE,Illinois,Lee,Invenergy Nelson Expansion LLC,60387,GEN4,GEN4 (190),GT,190,190,NA,6.9,NA,FALSE,FALSE,NA,NG,NA,NA,NA,NA,NA,FALSE,NA,NA,NA,2023,2023,NA,NA,NA,NA,-89.606528,41.774417
IPP Non-CHP,FALSE,Pennsylvania,Cambria,CPV Fairview Energy Center,60589,CC1,"CTGEN1 (336), ST-1 (292)",CT/CA,598.5,482,NA,74.4,TRUE,TRUE,TRUE,NA,NG,OG,NA,NA,NA,NA,TRUE,NA,FALSE,TRUE,2019,2019,NA,NA,NA,NA,-78.855,40.412
IPP Non-CHP,FALSE,Pennsylvania,Cambria,CPV Fairview Energy Center,60589,CC1,"ST-1 (292), CTGEN2 (336)",CT/CA,598.5,482,NA,66.9,TRUE,TRUE,TRUE,NA,NG,OG,NA,NA,NA,NA,TRUE,NA,FALSE,TRUE,2019,2019,NA,NA,NA,NA,-78.855,40.412
IPP Non-CHP,FALSE,California,Orange,Stanton Energy Reliability Center Hybrid,60698,GT1,GT1 (60.5),GT,70.5,60.5,NA,0.3,NA,TRUE,TRUE,NA,NG,NA,NA,NA,NA,NA,FALSE,NA,NA,NA,2020,2020,NA,NA,NA,NA,-117.985758,33.806801
IPP Non-CHP,FALSE,California,Orange,Stanton Energy Reliability Center Hybrid,60698,GT2,GT2 (60.5),GT,70.5,60.5,NA,0.4,NA,TRUE,TRUE,NA,NG,NA,NA,NA,NA,NA,FALSE,NA,NA,NA,2020,2020,NA,NA,NA,NA,-117.985758,33.806801
NA,NA,Texas,Harris,NET Power La Porte Station,60910,1GT,NPLPS (25.5),combustion turbine,NA,25.5,NA,NA,NA,NA,FALSE,NA,NA,NA,NA,NA,NA,NA,NA,NA,NA,NA,NA,2021,NA,NA,NA,NA,-95.0541,29.6468
Electric Utility,FALSE,Texas,Montgomery,Montgomery County,60925,PB01,"1B (250), 1C (500)",CT/CA,500,500,NA,63.7,TRUE,TRUE,TRUE,NA,NG,NA,NA,NA,NA,NA,FALSE,NA,FALSE,FALSE,2021,2020,NA,NA,NA,NA,-95.5275,30.44083
Electric Utility,FALSE,Texas,Montgomery,Montgomery County,60925,PB01,"1C (500), 1A (250)",CT/CA,500,500,NA,66.1,TRUE,TRUE,TRUE,NA,NG,NA,NA,NA,NA,NA,FALSE,NA,FALSE,FALSE,2021,2020,NA,NA,NA,NA,-95.5275,30.44083
Electric Utility,FALSE,Louisiana,St Charles,St. Charles Power Station (LA),60926,PB01,"1A (258), 1C (453)",CT/CA,500,484.5,NA,56,TRUE,TRUE,TRUE,NA,NG,NA,NA,NA,NA,NA,FALSE,NA,FALSE,FALSE,2019,2019,NA,NA,NA,NA,-90.460833,30.01
Electric Utility,FALSE,Louisiana,St Charles,St. Charles Power Station (LA),60926,PB01,"1B (258), 1C (453)",CT/CA,500,484.5,NA,55.4,TRUE,TRUE,TRUE,NA,NG,NA,NA,NA,NA,NA,FALSE,NA,FALSE,FALSE,2019,2019,NA,NA,NA,NA,-90.460833,30.01
Electric Utility,FALSE,Louisiana,Calcasieu,Lake Charles Power,60927,PB01,"1A (257), 1C (452.5)",CT/CA,500,483.25,NA,61.1,TRUE,TRUE,TRUE,NA,NG,NA,NA,NA,NA,NA,FALSE,NA,FALSE,FALSE,2020,2020,NA,NA,NA,NA,-93.28861,30.27099
Electric Utility,FALSE,Louisiana,Calcasieu,Lake Charles Power,60927,PB01,"1B (257), 1C (452.5)",CT/CA,500,483.25,NA,62.3,TRUE,TRUE,TRUE,NA,NG,NA,NA,NA,NA,NA,FALSE,NA,FALSE,FALSE,2020,2020,NA,NA,NA,NA,-93.28861,30.27099
IPP Non-CHP,FALSE,Pennsylvania,Lawrence,Hickory Run Energy Station,61028,HRES,"CTG1 (311), STG1 (450)",CT/CA,516.85,536,NA,72.1,TRUE,TRUE,TRUE,NA,NG,NA,NA,NA,NA,NA,FALSE,NA,FALSE,FALSE,2020,2019,NA,NA,NA,NA,-80.43,40.994444
IPP Non-CHP,FALSE,Pennsylvania,Lawrence,Hickory Run Energy Station,61028,HRES,"STG1 (450), CTG2 (311)",CT/CA,516.85,536,NA,72.1,TRUE,TRUE,TRUE,NA,NG,NA,NA,NA,NA,NA,FALSE,NA,FALSE,FALSE,2020,2019,NA,NA,NA,NA,-80.43,40.994444
IPP Non-CHP,FALSE,Pennsylvania,Berks,Birdsboro Power,61035,GEN1,GEN1 (488),CS,525,488,NA,70.5,FALSE,TRUE,TRUE,NA,NG,NA,NA,NA,NA,NA,FALSE,NA,FALSE,FALSE,2019,2019,NA,NA,NA,NA,-75.799669,40.268522
Electric Utility,FALSE,South Dakota,Deuel,Astoria Station,61144,1,1 (349),GT,349,349,NA,16.1,NA,FALSE,FALSE,NA,NG,NA,NA,NA,NA,NA,FALSE,NA,FALSE,NA,2021,2021,NA,NA,NA,NA,-96.55942,44.574965
IPP Non-CHP,FALSE,Texas,Victoria,Tres City Power LLC,61241,VC-1,VC-1 (50),GT,50,50,NA,6.7,NA,TRUE,TRUE,NA,NG,NA,NA,NA,NA,NA,FALSE,NA,NA,NA,2020,2019,NA,NA,NA,NA,-97.0093,28.7853
IPP Non-CHP,FALSE,Texas,Victoria,Tres City Power LLC,61241,VC-2,VC-2 (50),GT,50,50,NA,2.9,NA,TRUE,TRUE,NA,NG,NA,NA,NA,NA,NA,FALSE,NA,NA,NA,2020,2019,NA,NA,NA,NA,-97.0093,28.7853
IPP Non-CHP,FALSE,Texas,Victoria,"Tres Port Power, LLC",61242,VP-1,VP-1 (50),GT,50,50,NA,6.6,NA,TRUE,TRUE,NA,NG,NA,NA,NA,NA,NA,FALSE,NA,NA,NA,2019,2019,NA,NA,NA,NA,-96.9453,28.69637
IPP Non-CHP,FALSE,Texas,Victoria,"Tres Port Power, LLC",61242,VP-2,VP-2 (50),GT,50,50,NA,5.9,NA,TRUE,TRUE,NA,NG,NA,NA,NA,NA,NA,FALSE,NA,NA,NA,2019,2019,NA,NA,NA,NA,-96.9453,28.69637
IPP Non-CHP,FALSE,Ohio,Monroe,Long Ridge Energy Generation,61322,HPPP1,HPPP1 (521.9),CS,521.9,521.9,NA,82.2,FALSE,TRUE,TRUE,NA,NG,H2,NA,NA,NA,NA,TRUE,NA,FALSE,TRUE,2021,2021,NA,NA,NA,NA,-80.84552,39.70257
Commercial CHP,TRUE,North Carolina,Wake,NCSU CCUP Cogeneration Plant,61675,CTG1,CTG1,GT,5.6,NA,NA,NA,NA,FALSE,NA,NA,NG,DFO,NG,DFO,NA,NA,TRUE,NA,TRUE,FALSE,2019,NA,NA,NA,NA,NA,-78.673723,35.775583
IPP Non-CHP,FALSE,South Carolina,Beaufort,MCRD Parris Island PV Hybrid,61956,CHPP,CHPP,GT,3.5,NA,NA,NA,NA,FALSE,NA,NA,NG,NA,NA,NA,NA,NA,FALSE,NA,NA,NA,2019,NA,NA,NA,NA,NA,-80.694722,32.329402
IPP Non-CHP,FALSE,Texas,Victoria,Victoria Port Power II LLC,61966,VP2-1,VP2-1 (50),GT,50,50,NA,13.8,NA,TRUE,TRUE,NA,NG,NA,NA,NA,NA,NA,FALSE,NA,NA,NA,2022,2021,NA,NA,NA,NA,-96.946125,28.698477
IPP Non-CHP,FALSE,Texas,Victoria,Victoria Port Power II LLC,61966,VP2-2,VP2-2 (50),GT,50,50,NA,15,NA,TRUE,TRUE,NA,NG,NA,NA,NA,NA,NA,FALSE,NA,NA,NA,2022,2021,NA,NA,NA,NA,-96.946125,28.698477
IPP Non-CHP,FALSE,California,Los Angeles,AES Alamitos Energy Center,62115,CCT1,"1A (231.4), 1S (241.1)",CT/CA,339,351.95,NA,48.5,FALSE,TRUE,TRUE,NA,NG,NA,NA,NA,NA,NA,FALSE,NA,FALSE,FALSE,2020,2019,NA,NA,NA,NA,-118.100194,33.767229
IPP Non-CHP,FALSE,California,Los Angeles,AES Alamitos Energy Center,62115,CCT1,"1S (241.1), 1B (231.4)",CT/CA,339,351.95,NA,46.6,FALSE,TRUE,TRUE,NA,NG,NA,NA,NA,NA,NA,FALSE,NA,FALSE,FALSE,2020,2019,NA,NA,NA,NA,-118.100194,33.767229
IPP Non-CHP,FALSE,California,Orange,AES Huntington Beach Energy Project,62116,CCT1,"1A (231.4), 1S (241.1)",CT/CA,349.6,351.95,NA,51.5,FALSE,TRUE,TRUE,NA,NG,NA,NA,NA,NA,NA,FALSE,NA,FALSE,FALSE,2020,2019,NA,NA,NA,NA,-117.979372,33.645618
IPP Non-CHP,FALSE,California,Orange,AES Huntington Beach Energy Project,62116,CCT1,"1B (231.4), 1S (241.1)",CT/CA,349.6,351.95,NA,51.3,FALSE,TRUE,TRUE,NA,NG,NA,NA,NA,NA,NA,FALSE,NA,FALSE,FALSE,2020,2019,NA,NA,NA,NA,-117.979372,33.645618
Electric Utility,FALSE,Michigan,St Clair,Blue Water Energy Center,62192,BWEC,"11 (394.4), 1S (478.6)",CT/CA,633.7,633.7,NA,65.6,FALSE,TRUE,TRUE,NA,NG,NA,NA,NA,NA,NA,FALSE,NA,NA,NA,2022,2021,NA,NA,NA,NA,-82.479331,42.773716
Electric Utility,FALSE,Michigan,St Clair,Blue Water Energy Center,62192,BWEC,"1S (478.6), 12 (394.4)",CT/CA,633.7,633.7,NA,65.9,FALSE,TRUE,TRUE,NA,NG,NA,NA,NA,NA,NA,FALSE,NA,NA,NA,2022,2021,NA,NA,NA,NA,-82.479331,42.773716
Electric Utility,TRUE,Michigan,Wayne,Dearborn Energy Center,62289,CTCA,GTG-1,CT/CA,17.5,NA,NA,NA,NA,FALSE,NA,NA,NG,NA,NA,NA,NA,NA,FALSE,NA,NA,NA,2019,NA,NA,NA,NA,NA,-83.23125,42.2969
Electric Utility,TRUE,Michigan,Wayne,Dearborn Energy Center,62289,CTCA,GTG-2,CT/CA,17.5,NA,NA,NA,NA,FALSE,NA,NA,NG,NA,NA,NA,NA,NA,FALSE,NA,NA,NA,2019,NA,NA,NA,NA,NA,-83.23125,42.2969
Industrial CHP,TRUE,Alabama,Mobile,Kimberly Clark Mobile - CHP Plant,62449,KCMO,GT100,GT,25,NA,NA,NA,NA,NA,NA,NA,NG,NA,NA,NA,NA,NA,FALSE,NA,NA,NA,2019,NA,NA,NA,NA,NA,-88.04977,30.737741
Industrial CHP,TRUE,Alabama,Mobile,Kimberly Clark Mobile - CHP Plant,62449,KCMO,GT200,GT,25,NA,NA,NA,NA,NA,NA,NA,NG,NA,NA,NA,NA,NA,FALSE,NA,NA,NA,2019,NA,NA,NA,NA,NA,-88.04977,30.737741
IPP Non-CHP,FALSE,Texas,Harris,SJRR Power LLC,62548,SJ-1,SJ-1 (50),GT,50,50,NA,18.1,NA,TRUE,TRUE,NA,NG,NA,NA,NA,NA,NA,FALSE,NA,NA,NA,2022,2022,NA,NA,NA,NA,-95.11148,29.88193
IPP Non-CHP,FALSE,Texas,Harris,SJRR Power LLC,62548,SJ-2,SJ-2 (50),GT,50,50,NA,17.5,NA,TRUE,TRUE,NA,NG,NA,NA,NA,NA,NA,FALSE,NA,NA,NA,2022,2022,NA,NA,NA,NA,-95.11148,29.88193
IPP Non-CHP,FALSE,Pennsylvania,Greene,"Hill Top Energy Center, LLC",62565,GEN1,GEN1 (664.7),CS,664.7,664.7,NA,66.9,TRUE,TRUE,TRUE,NA,NG,NA,NA,NA,NA,NA,FALSE,NA,NA,FALSE,2021,2021,NA,NA,NA,NA,-79.938201,39.894212
IPP Non-CHP,FALSE,Illinois,Will,"Jackson Generation, LLC",62926,1,01 (644.3),CS,644.3,644.3,NA,64.7,TRUE,TRUE,TRUE,NA,NG,NA,NA,NA,NA,NA,FALSE,NA,FALSE,FALSE,2022,2021,NA,NA,NA,NA,-88.110626,41.438536
IPP Non-CHP,FALSE,Illinois,Will,"Jackson Generation, LLC",62926,2,02 (644.3),CS,644.3,644.3,NA,60.9,TRUE,TRUE,TRUE,NA,NG,NA,NA,NA,NA,NA,FALSE,NA,FALSE,FALSE,2022,2021,NA,NA,NA,NA,-88.110626,41.438536
IPP Non-CHP,FALSE,Ohio,Guernsey,Guernsey Power Station,62949,GPS1,GPS1 (652.8),CS,685,652.8,NA,50.2,TRUE,FALSE,TRUE,NA,NG,NA,NA,NA,NA,NA,FALSE,NA,NA,NA,2023,2022,NA,NA,NA,NA,-81.5354,39.9364
IPP Non-CHP,FALSE,Ohio,Guernsey,Guernsey Power Station,62949,GPS2,GPS2 (652.8),CS,685,652.8,NA,44.6,TRUE,FALSE,TRUE,NA,NG,NA,NA,NA,NA,NA,FALSE,NA,NA,NA,2023,2022,NA,NA,NA,NA,-81.5354,39.9364
IPP Non-CHP,FALSE,Ohio,Guernsey,Guernsey Power Station,62949,GPS3,GPS3 (652.8),CS,685,652.8,NA,42.9,TRUE,FALSE,TRUE,NA,NG,NA,NA,NA,NA,NA,FALSE,NA,NA,NA,2023,2022,NA,NA,NA,NA,-81.5354,39.9364
Electric Utility,FALSE,South Carolina,Pickens,Duke Energy CHP at Clemson University,63063,GT01,GT01,GT,13.4,NA,NA,NA,NA,FALSE,NA,NA,NG,NA,NA,NA,NA,NA,FALSE,NA,NA,NA,2019,NA,NA,NA,NA,NA,-82.8231,34.6779
Electric Utility,FALSE,Michigan,Eaton,Delta Energy Park,63259,804,"DEPST (89.2), DEPC3 (58)",CT/CA,NA,102.6,NA,42.3,NA,TRUE,TRUE,NA,NG,NA,NA,NA,NA,NA,FALSE,NA,NA,NA,2022,2021,NA,NA,NA,NA,-84.657783,42.690644
Electric Utility,FALSE,Michigan,Eaton,Delta Energy Park,63259,805,DEPS1 (58),CT/CA,NA,58,NA,9.5,NA,TRUE,FALSE,NA,NG,NA,NA,NA,NA,NA,FALSE,NA,NA,NA,2022,2021,NA,NA,NA,NA,-84.657783,42.690644
Electric Utility,FALSE,Michigan,Eaton,Delta Energy Park,63259,DEPS1,"DEPC2 (58), DEPST (89.2)",GT,58,102.6,NA,46.2,NA,FALSE,TRUE,NA,NG,NA,NA,NA,NA,NA,FALSE,NA,NA,NA,2022,2021,NA,NA,NA,NA,-84.657783,42.690644
IPP Non-CHP,FALSE,Texas,Harris,HO Clarke Generating,63335,CTG-1,CTG-1 (60.5),GT,60.5,60.5,NA,11.1,NA,TRUE,TRUE,NA,NG,NA,NA,NA,NA,NA,FALSE,NA,FALSE,FALSE,2021,2020,NA,NA,NA,NA,-95.45169,29.64536
IPP Non-CHP,FALSE,Texas,Harris,HO Clarke Generating,63335,CTG-2,CTG-2 (60.5),GT,60.5,60.5,NA,13.4,NA,TRUE,TRUE,NA,NG,NA,NA,NA,NA,NA,FALSE,NA,FALSE,FALSE,2021,2020,NA,NA,NA,NA,-95.45169,29.64536
IPP Non-CHP,FALSE,Texas,Harris,HO Clarke Generating,63335,CTG-3,CTG-3 (60.5),GT,60.5,60.5,NA,9.8,NA,TRUE,TRUE,NA,NG,NA,NA,NA,NA,NA,FALSE,NA,FALSE,FALSE,2021,2020,NA,NA,NA,NA,-95.45169,29.64536
IPP Non-CHP,FALSE,Texas,Harris,HO Clarke Generating,63335,CTG-4,CTG-4 (60.5),GT,60.5,60.5,NA,14.3,NA,TRUE,TRUE,NA,NG,NA,NA,NA,NA,NA,FALSE,NA,FALSE,FALSE,2021,2020,NA,NA,NA,NA,-95.45169,29.64536
IPP Non-CHP,FALSE,Texas,Harris,HO Clarke Generating,63335,CTG-5,CTG-5 (60.5),GT,60.5,60.5,NA,12.7,NA,TRUE,TRUE,NA,NG,NA,NA,NA,NA,NA,FALSE,NA,FALSE,FALSE,2021,2020,NA,NA,NA,NA,-95.45169,29.64536
IPP Non-CHP,FALSE,Texas,Harris,HO Clarke Generating,63335,CTG-6,CTG-6 (60.5),GT,60.5,60.5,NA,12.1,NA,TRUE,TRUE,NA,NG,NA,NA,NA,NA,NA,FALSE,NA,FALSE,FALSE,2021,2020,NA,NA,NA,NA,-95.45169,29.64536
IPP Non-CHP,FALSE,Texas,Harris,HO Clarke Generating,63335,CTG-7,CTG-7 (60.5),GT,60.5,60.5,NA,13.7,NA,TRUE,TRUE,NA,NG,NA,NA,NA,NA,NA,FALSE,NA,FALSE,FALSE,2021,2021,NA,NA,NA,NA,-95.45169,29.64536
IPP Non-CHP,FALSE,Texas,Harris,HO Clarke Generating,63335,CTG-8,CTG-8 (60.5),GT,60.5,60.5,NA,15.9,NA,TRUE,TRUE,NA,NG,NA,NA,NA,NA,NA,FALSE,NA,FALSE,FALSE,2021,2021,NA,NA,NA,NA,-95.45169,29.64536
IPP CHP,TRUE,Utah,Utah,BYU Central Heating Plant,63423,GEN1,GEN1,GT,16.5,NA,NA,NA,NA,FALSE,NA,NA,NG,NA,NA,NA,NA,NA,FALSE,NA,NA,NA,2019,NA,NA,NA,NA,NA,-111.6462,40.24724
IPP Non-CHP,FALSE,Georgia,Cobb,Solar BESS Hybrid,63535,NG,NG,GT,1,NA,NA,NA,NA,FALSE,NA,NA,NG,NA,NA,NA,NA,NA,FALSE,NA,NA,FALSE,2022,NA,NA,NA,NA,NA,-84.556128,33.979348
IPP Non-CHP,FALSE,Texas,Galveston,Topaz Generating,63688,CTG-1,CTG-1 (60.5),GT,60.5,60.5,NA,16.6,NA,TRUE,TRUE,NA,NG,NA,NA,NA,NA,NA,FALSE,NA,NA,NA,2021,2021,NA,NA,NA,NA,-94.976667,29.426389
IPP Non-CHP,FALSE,Texas,Galveston,Topaz Generating,63688,CTG-2,CTG-10 (60.5),GT,60.5,60.5,NA,15.5,NA,TRUE,TRUE,NA,NG,NA,NA,NA,NA,NA,FALSE,NA,NA,NA,2021,2021,NA,NA,NA,NA,-94.976667,29.426389
IPP Non-CHP,FALSE,Texas,Galveston,Topaz Generating,63688,CTG-3,CTG-2 (60.5),GT,60.5,60.5,NA,19.3,NA,TRUE,TRUE,NA,NG,NA,NA,NA,NA,NA,FALSE,NA,NA,NA,2021,2021,NA,NA,NA,NA,-94.976667,29.426389
IPP Non-CHP,FALSE,Texas,Galveston,Topaz Generating,63688,CTG-4,CTG-3 (60.5),GT,60.5,60.5,NA,18.9,NA,TRUE,TRUE,NA,NG,NA,NA,NA,NA,NA,FALSE,NA,NA,NA,2021,2021,NA,NA,NA,NA,-94.976667,29.426389
IPP Non-CHP,FALSE,Texas,Galveston,Topaz Generating,63688,CTG-5,CTG-4 (60.5),GT,60.5,60.5,NA,18.6,NA,TRUE,TRUE,NA,NG,NA,NA,NA,NA,NA,FALSE,NA,NA,NA,2021,2021,NA,NA,NA,NA,-94.976667,29.426389
IPP Non-CHP,FALSE,Texas,Galveston,Topaz Generating,63688,CTG-6,CTG-5 (60.5),GT,60.5,60.5,NA,18.6,NA,TRUE,TRUE,NA,NG,NA,NA,NA,NA,NA,FALSE,NA,NA,NA,2021,2021,NA,NA,NA,NA,-94.976667,29.426389
IPP Non-CHP,FALSE,Texas,Galveston,Topaz Generating,63688,CTG-7,CTG-6 (60.5),GT,60.5,60.5,NA,19.3,NA,TRUE,TRUE,NA,NG,NA,NA,NA,NA,NA,FALSE,NA,NA,NA,2021,2021,NA,NA,NA,NA,-94.976667,29.426389
IPP Non-CHP,FALSE,Texas,Galveston,Topaz Generating,63688,CTG-8,CTG-7 (60.5),GT,60.5,60.5,NA,17,NA,TRUE,TRUE,NA,NG,NA,NA,NA,NA,NA,FALSE,NA,NA,NA,2021,2021,NA,NA,NA,NA,-94.976667,29.426389
IPP Non-CHP,FALSE,Texas,Galveston,Topaz Generating,63688,CTG-9,CTG-8 (60.5),GT,60.5,60.5,NA,16.6,NA,TRUE,TRUE,NA,NG,NA,NA,NA,NA,NA,FALSE,NA,NA,NA,2021,2021,NA,NA,NA,NA,-94.976667,29.426389
IPP Non-CHP,FALSE,Texas,Galveston,Topaz Generating,63688,CTG10,CTG-9 (60.5),GT,60.5,60.5,NA,17,NA,TRUE,TRUE,NA,NG,NA,NA,NA,NA,NA,FALSE,NA,NA,NA,2021,2021,NA,NA,NA,NA,-94.976667,29.426389
IPP Non-CHP,FALSE,Illinois,Grundy,CPV Three Rivers Energy Center,63931,GEN1,GEN1 (625),CS,650,625,NA,29.8,TRUE,FALSE,TRUE,NA,NG,NA,NA,NA,NA,NA,FALSE,NA,FALSE,FALSE,2023,2023,NA,NA,NA,NA,-88.284444,41.372222
IPP Non-CHP,FALSE,Illinois,Grundy,CPV Three Rivers Energy Center,63931,GEN2,GEN2 (625),CS,650,625,NA,31.5,TRUE,FALSE,TRUE,NA,NG,NA,NA,NA,NA,NA,FALSE,NA,FALSE,FALSE,2023,2023,NA,NA,NA,NA,-88.284444,41.372222
Electric Utility,FALSE,Wisconsin,Rock,West Riverside Energy Center,64020,S234,"CTG4 (232.9), STG2 (260.1)",CT/CA,361.6,362.95,NA,66.9,FALSE,TRUE,TRUE,NA,NG,NA,NA,NA,NA,NA,FALSE,NA,FALSE,FALSE,2020,2019,NA,NA,NA,NA,-89.041214,42.582051
Electric Utility,FALSE,Wisconsin,Rock,West Riverside Energy Center,64020,S234,"STG2 (260.1), CTG3 (232.9)",CT/CA,361.6,362.95,NA,61.5,FALSE,TRUE,TRUE,NA,NG,NA,NA,NA,NA,NA,FALSE,NA,FALSE,FALSE,2020,2019,NA,NA,NA,NA,-89.041214,42.582051
Industrial CHP,TRUE,Maryland,Howard,Maryland Bioenergy Center (Jessup),64241,CHP1,CHP1,GT,1.1,NA,NA,NA,NA,FALSE,NA,NA,NG,NA,NA,NA,NA,NA,FALSE,NA,FALSE,FALSE,2022,NA,NA,NA,NA,NA,-76.78042,39.1578
IPP Non-CHP,FALSE,Texas,Fort Bend,Braes Bayou Plant,64383,CTG-1,CTG-1 (60.5),GT,60.5,60.5,NA,11.3,NA,TRUE,TRUE,NA,NG,NA,NA,NA,NA,NA,FALSE,NA,NA,NA,2022,2022,NA,NA,NA,NA,-95.620277,29.480277
IPP Non-CHP,FALSE,Texas,Fort Bend,Braes Bayou Plant,64383,CTG-2,CTG-2 (60.5),GT,60.5,60.5,NA,11.8,NA,TRUE,TRUE,NA,NG,NA,NA,NA,NA,NA,FALSE,NA,NA,NA,2022,2022,NA,NA,NA,NA,-95.620277,29.480277
IPP Non-CHP,FALSE,Texas,Fort Bend,Braes Bayou Plant,64383,CTG-3,CTG-3 (60.5),GT,60.5,60.5,NA,8.6,NA,TRUE,TRUE,NA,NG,NA,NA,NA,NA,NA,FALSE,NA,NA,NA,2022,2022,NA,NA,NA,NA,-95.620277,29.480277
IPP Non-CHP,FALSE,Texas,Fort Bend,Braes Bayou Plant,64383,CTG-4,CTG-4 (60.5),GT,60.5,60.5,NA,8.4,NA,TRUE,TRUE,NA,NG,NA,NA,NA,NA,NA,FALSE,NA,NA,NA,2022,2022,NA,NA,NA,NA,-95.620277,29.480277
IPP Non-CHP,FALSE,Texas,Fort Bend,Braes Bayou Plant,64383,CTG-5,CTG-5 (60.5),GT,60.5,60.5,NA,7,NA,TRUE,TRUE,NA,NG,NA,NA,NA,NA,NA,FALSE,NA,NA,NA,2022,2022,NA,NA,NA,NA,-95.620277,29.480277
IPP Non-CHP,FALSE,Texas,Fort Bend,Braes Bayou Plant,64383,CTG-6,CTG-6 (60.5),GT,60.5,60.5,NA,7.3,NA,TRUE,TRUE,NA,NG,NA,NA,NA,NA,NA,FALSE,NA,NA,NA,2022,2022,NA,NA,NA,NA,-95.620277,29.480277
IPP Non-CHP,FALSE,Texas,Fort Bend,Braes Bayou Plant,64383,CTG-7,CTG-7 (60.5),GT,60.5,60.5,NA,9.1,NA,FALSE,TRUE,NA,NG,NA,NA,NA,NA,NA,FALSE,NA,NA,NA,2022,2022,NA,NA,NA,NA,-95.620277,29.480277
IPP Non-CHP,FALSE,Texas,Fort Bend,Braes Bayou Plant,64383,CTG-8,CTG-8 (60.5),GT,60.5,60.5,NA,9.6,NA,FALSE,TRUE,NA,NG,NA,NA,NA,NA,NA,FALSE,NA,NA,NA,2022,2022,NA,NA,NA,NA,-95.620277,29.480277
Industrial CHP,TRUE,Indiana,Tippecanoe,Primient,64854,GTG01,GTG01 (30.9),GT,30.9,30.9,NA,54.9,NA,NA,FALSE,FALSE,NG,NA,NA,NA,NA,NA,FALSE,FALSE,NA,NA,2021,2021,2019, , ,Cogeneration Unit #1,-86.843695,40.376319
Industrial CHP,TRUE,Indiana,Tippecanoe,Primient,64854,GTG02,GTG02 (30.9),GT,30.9,30.9,NA,47.8,NA,NA,FALSE,FALSE,NG,NA,NA,NA,NA,NA,FALSE,FALSE,NA,NA,2021,2021,2019, , ,Cogeneration Unit #2,-86.843695,40.376319
IPP Non-CHP,FALSE,Texas,Brazoria,Mark One Power Station,65372,CTG-1,CTG-1 (60.5),GT,60.5,60.5,NA,4.5,NA,FALSE,TRUE,NA,NG,NA,NA,NA,NA,NA,FALSE,NA,NA,NA,2022,2022,NA,NA,NA,NA,-95.430756,29.227109
IPP Non-CHP,FALSE,Texas,Brazoria,Mark One Power Station,65372,CTG-2,CTG-2 (60.5),GT,60.5,60.5,NA,5.4,NA,FALSE,TRUE,NA,NG,NA,NA,NA,NA,NA,FALSE,NA,NA,NA,2022,2022,NA,NA,NA,NA,-95.430756,29.227109
IPP Non-CHP,FALSE,Texas,Brazoria,Mark One Power Station,65372,CTG-3,CTG-3 (60.5),GT,60.5,60.5,NA,4.9,NA,FALSE,TRUE,NA,NG,NA,NA,NA,NA,NA,FALSE,NA,NA,NA,2022,2022,NA,NA,NA,NA,-95.430756,29.227109
IPP Non-CHP,FALSE,Texas,Brazoria,Mark One Power Station,65372,CTG-4,CTG-4 (60.5),GT,60.5,60.5,NA,4.4,NA,FALSE,TRUE,NA,NG,NA,NA,NA,NA,NA,FALSE,NA,NA,NA,2022,2022,NA,NA,NA,NA,-95.430756,29.227109
IPP Non-CHP,FALSE,Texas,Brazoria,Mark One Power Station,65372,CTG-5,CTG-5 (60.5),GT,60.5,60.5,NA,3.6,NA,FALSE,TRUE,NA,NG,NA,NA,NA,NA,NA,FALSE,NA,NA,NA,2022,2022,NA,NA,NA,NA,-95.430756,29.227109
IPP Non-CHP,FALSE,Texas,Brazoria,Mark One Power Station,65372,CTG-6,CTG-6 (60.5),GT,60.5,60.5,NA,4,NA,FALSE,TRUE,NA,NG,NA,NA,NA,NA,NA,FALSE,NA,NA,NA,2022,2022,NA,NA,NA,NA,-95.430756,29.227109
NA,NA,Texas,Brazoria,Brotman Power Station,65373,CT-7,CTG-7 (60.5),combustion turbine,NA,60.5,NA,4.8,NA,NA,TRUE,NA,NA,NA,NA,NA,NA,NA,NA,NA,NA,NA,NA,2023,NA,NA,NA,NA,-95.4351,29.3642
NA,NA,Texas,Brazoria,Brotman Power Station,65373,CT-8,CTG-8 (60.5),combustion turbine,NA,60.5,NA,4.7,NA,NA,TRUE,NA,NA,NA,NA,NA,NA,NA,NA,NA,NA,NA,NA,2023,NA,NA,NA,NA,-95.4351,29.3642
IPP Non-CHP,FALSE,Texas,Brazoria,Brotman Power Station,65373,CTG-1,CTG-1 (60.5),GT,60.5,60.5,NA,9.9,NA,FALSE,TRUE,NA,NG,NA,NA,NA,NA,NA,FALSE,NA,NA,NA,2023,2023,NA,NA,NA,NA,-95.435068,29.364128
IPP Non-CHP,FALSE,Texas,Brazoria,Brotman Power Station,65373,CTG-2,CTG-2 (60.5),GT,60.5,60.5,NA,9.6,NA,FALSE,TRUE,NA,NG,NA,NA,NA,NA,NA,FALSE,NA,NA,NA,2023,2023,NA,NA,NA,NA,-95.435068,29.364128
IPP Non-CHP,FALSE,Texas,Brazoria,Brotman Power Station,65373,CTG-3,CTG-3 (60.5),GT,60.5,60.5,NA,6.1,NA,FALSE,TRUE,NA,NG,NA,NA,NA,NA,NA,FALSE,NA,NA,NA,2023,2023,NA,NA,NA,NA,-95.435068,29.364128
IPP Non-CHP,FALSE,Texas,Brazoria,Brotman Power Station,65373,CTG-4,CTG-4 (60.5),GT,60.5,60.5,NA,8.7,NA,FALSE,TRUE,NA,NG,NA,NA,NA,NA,NA,FALSE,NA,NA,NA,2023,2023,NA,NA,NA,NA,-95.435068,29.364128
IPP Non-CHP,FALSE,Texas,Brazoria,Brotman Power Station,65373,CTG-5,CTG-5 (60.5),GT,60.5,60.5,NA,7.8,NA,FALSE,TRUE,NA,NG,NA,NA,NA,NA,NA,FALSE,NA,NA,NA,2023,2023,NA,NA,NA,NA,-95.435068,29.364128
IPP Non-CHP,FALSE,Texas,Brazoria,Brotman Power Station,65373,CTG-6,CTG-6 (60.5),GT,60.5,60.5,NA,7.7,NA,FALSE,TRUE,NA,NG,NA,NA,NA,NA,NA,FALSE,NA,NA,NA,2023,2023,NA,NA,NA,NA,-95.435068,29.364128
Electric Utility,TRUE,Indiana,Tippecanoe,Purdue CHP,65400,PUCHP,PUCHP,GT,13.3,NA,NA,NA,NA,FALSE,NA,NA,NG,NA,NA,NA,NA,NA,FALSE,NA,NA,NA,2022,NA,NA,NA,NA,NA,-86.915334,40.417023
Industrial CHP,TRUE,Minnesota,Dakota,"Flint Hills Resources Pine Bend, LLC",65405,CHP1,CTG,CT/CA,73.4,NA,NA,NA,TRUE,FALSE,NA,NA,NG,NA,NA,NA,NA,NA,FALSE,NA,FALSE,FALSE,2019,NA,NA,NA,NA,NA,-93.02119,44.45483
Industrial CHP,TRUE,Kansas,Rice,"Kansas Ethanol, LLC",65512,KSET,KSET,GT,13.5,NA,NA,NA,NA,FALSE,NA,NA,NG,NA,NA,NA,NA,NA,FALSE,NA,NA,NA,2020,NA,NA,NA,NA,NA,-98.192128,38.286173
Electric Utility,FALSE,Florida,Broward,Dania Beach 7,65978,DBCC,"7GT1 (385.6), ST7 (391.8)",CT/CA,723.85,581.5,430,51.3,FALSE,FALSE,TRUE,TRUE,NG,DFO,NA,NA,NA,NA,TRUE,TRUE,TRUE,FALSE,2022,2022,2022,GE,7HA,430 MW Combustion Turbine with HRSG,-80.1984,26.0686
Electric Utility,FALSE,Florida,Broward,Dania Beach 7,65978,DBCC,"ST7 (391.8), 7GT2 (385.6)",CT/CA,723.85,581.5,430,60.8,FALSE,FALSE,TRUE,TRUE,NG,DFO,NA,NA,NA,NA,TRUE,TRUE,TRUE,FALSE,2022,2022,2022,GE,7HA,430 MW Combustion Turbine with HRSG,-80.1984,26.0686
Industrial CHP,TRUE,Massachusetts,Worcester,Norton Powerhouse 2,66018,GEN3,GEN3,GT,4.6,NA,NA,NA,NA,FALSE,NA,NA,NG,NA,NA,NA,NA,NA,FALSE,NA,NA,NA,2022,NA,NA,NA,NA,NA,-71.804,42.299
Compressor Station,NA,Michigan,Washtenaw,DTE Gas - Willow Run Compressor Station,NA,NA,NA,Simple Cycle,NA,NA,5.74,NA,NA,NA,NA,FALSE,NA,NA,NA,NA,NA,NA,NA,FALSE,NA,NA,NA,NA,2018,Solar,NA,Turbine,-83.551974,42.252282
Compressor Station,NA,Michigan,Oakland,DTE Gas Milford Compressor Station,NA,NA,NA,Simple Cycle,NA,NA,7.83,NA,NA,NA,NA,FALSE,NA,NA,NA,NA,NA,NA,NA,FALSE,NA,NA,NA,NA,2018,NA,NA,Turbine,-83.564182,42.544413
Compressor Station,NA,Michigan,Oakland,DTE Gas Milford Compressor Station,NA,NA,NA,Simple Cycle,NA,NA,7.83,NA,NA,NA,NA,FALSE,NA,NA,NA,NA,NA,NA,NA,FALSE,NA,NA,NA,NA,2018,NA,NA,Turbine,-83.564182,42.544413
Compressor Station,NA,Michigan,Oakland,DTE Gas Milford Compressor Station,NA,NA,NA,Simple Cycle,NA,NA,7.83,NA,NA,NA,NA,FALSE,NA,NA,NA,NA,NA,NA,NA,FALSE,NA,NA,NA,NA,2018,NA,NA,Turbine,-83.564182,42.544413
Compressor Station,NA,Michigan,Clare,Muskegon River Compressor Station,NA,NA,NA,Simple Cycle,NA,NA,8.52,NA,NA,NA,NA,FALSE,NA,NA,NA,NA,NA,NA,NA,FALSE,NA,NA,NA,NA,2022,Solar,Taurus 70,Natural Gas Turbine,-82.6724,28.96829
Compressor Station,NA,Nebraska,Gage,Northern Natural Gas Co - Beatrice,NA,NA,NA,Simple Cycle,NA,NA,11.86,NA,NA,NA,NA,FALSE,NA,NA,NA,NA,NA,NA,NA,FALSE,NA,NA,NA,NA,2021,Solar,Mars 100-16000s,Solar Combustion Turbine - Unit 29,-96.743881,40.221362
Compressor Station,NA,Kansas,Rice,Northern Natural Gas Co - Bushton,NA,NA,NA,Simple Cycle,NA,NA,11.86,NA,NA,NA,NA,FALSE,NA,NA,NA,NA,NA,NA,NA,FALSE,NA,NA,NA,NA,2020,Solar,Mars 100-16000s,Solar Combustion Turbine - Unit 33,-98.354757,38.51852
Compressor Station,NA,Kansas,Kiowa,Northern Natural Gas Co - Mullinville,NA,NA,NA,Simple Cycle,NA,NA,11.86,NA,NA,NA,NA,FALSE,NA,NA,NA,NA,NA,NA,NA,FALSE,NA,NA,NA,NA,2019,Solar,Mars 100-16000s,Solar Combustion Turbine - Unit 27,-99.413145,37.58972
Industrial (Process),NA,Louisiana,Cameron Parish,Cameron LNG,NA,NA,NA,NA,NA,NA,NA,NA,NA,NA,NA,FALSE,NA,NA,NA,NA,NA,NA,NA,FALSE,NA,NA,NA,NA,2019,NA,NA,Refrigeration Compressor Turbine,-93.33663,30.304483
Industrial (Process),NA,Louisiana,Cameron Parish,Cameron LNG,NA,NA,NA,NA,NA,NA,NA,NA,NA,NA,NA,FALSE,NA,NA,NA,NA,NA,NA,NA,FALSE,NA,NA,NA,NA,2019,NA,NA,Refrigeration Compressor Turbine,-93.33663,30.304483
Industrial (Process),NA,Louisiana,Cameron Parish,Cameron LNG,NA,NA,NA,NA,NA,NA,NA,NA,NA,NA,NA,FALSE,NA,NA,NA,NA,NA,NA,NA,FALSE,NA,NA,NA,NA,2019,NA,NA,Refrigeration Compressor Turbine,-93.33663,30.304483
Industrial (Process),NA,Louisiana,Cameron Parish,Cameron LNG,NA,NA,NA,NA,NA,NA,NA,NA,NA,NA,NA,FALSE,NA,NA,NA,NA,NA,NA,NA,FALSE,NA,NA,NA,NA,2019,NA,NA,Refrigeration Compressor Turbine,-93.33663,30.304483
Industrial (Process),NA,Louisiana,Cameron Parish,Cameron LNG,NA,NA,NA,NA,NA,NA,NA,NA,NA,NA,NA,FALSE,NA,NA,NA,NA,NA,NA,NA,FALSE,NA,NA,NA,NA,2019,NA,NA,Refrigeration Compressor Turbine,-93.33663,30.304483
Industrial (Process),NA,Louisiana,Cameron Parish,Cameron LNG,NA,NA,NA,NA,NA,NA,NA,NA,NA,NA,NA,FALSE,NA,NA,NA,NA,NA,NA,NA,FALSE,NA,NA,NA,NA,2019,NA,NA,Refrigeration Compressor Turbine,-93.33663,30.304483
Industrial (Process),NA,Louisiana,Cameron Parish,Cameron LNG,NA,NA,NA,NA,NA,NA,NA,NA,NA,NA,NA,FALSE,NA,NA,NA,NA,NA,NA,NA,FALSE,NA,NA,NA,NA,2019,NA,NA,Refrigeration Compressor Turbine,-93.33663,30.304483
Industrial (Process),NA,Louisiana,Cameron Parish,Cameron LNG,NA,NA,NA,NA,NA,NA,NA,NA,NA,NA,NA,FALSE,NA,NA,NA,NA,NA,NA,NA,FALSE,NA,NA,NA,NA,2019,NA,NA,Refrigeration Compressor Turbine,-93.33663,30.304483
Industrial (Process),NA,Louisiana,Cameron Parish,Cameron LNG,NA,NA,NA,NA,NA,NA,NA,NA,NA,NA,NA,FALSE,NA,NA,NA,NA,NA,NA,NA,FALSE,NA,NA,NA,NA,2019,NA,NA,Refrigeration Compressor Turbine,-93.33663,30.304483
Industrial (Process),NA,Louisiana,Cameron Parish,Cameron LNG,NA,NA,NA,NA,NA,NA,NA,NA,NA,NA,NA,FALSE,NA,NA,NA,NA,NA,NA,NA,FALSE,NA,NA,NA,NA,2019,NA,NA,Refrigeration Compressor Turbine,-93.33663,30.304483
Power Plant,NA,NA,Toa Baja,"Puerto Rico Electric Power Authority, Palo Seco",NA,NA,NA,NA,NA,NA,23,NA,NA,NA,NA,FALSE,NA,NA,NA,NA,NA,NA,NA,TRUE,NA,NA,NA,NA,2019,NA,NA,MOBILEPAC® combustion turbine 3,-66.1489,18.4551
Power Plant,NA,NA,Toa Baja,"Puerto Rico Electric Power Authority, Palo Seco",NA,NA,NA,NA,NA,NA,23,NA,NA,NA,NA,FALSE,NA,NA,NA,NA,NA,NA,NA,TRUE,NA,NA,NA,NA,2019,NA,NA,MOBILEPAC® combustion turbine 1,-66.1489,18.4551
Power Plant,NA,NA,Toa Baja,"Puerto Rico Electric Power Authority, Palo Seco",NA,NA,NA,NA,NA,NA,23,NA,NA,NA,NA,FALSE,NA,NA,NA,NA,NA,NA,NA,TRUE,NA,NA,NA,NA,2019,NA,NA,MOBILEPAC® combustion turbine 2,-66.1489,18.4551
